<?xml version="1.0" ?>
<robot>
    <m_samplePeriod>0.01</m_samplePeriod>
    <m_robotDOF>0</m_robotDOF>
    <m_externDOF>3</m_externDOF>
    <m_robotType>11</m_robotType>
    <m_externalAxisType>4</m_externalAxisType>
    <m_rateTorque>
        <JOINT1>0</JOINT1>
        <JOINT2>0</JOINT2>
        <JOINT3>0</JOINT3>
    </m_rateTorque>
    <m_posResolution>
        <JOINT1>65536</JOINT1>
        <JOINT2>65536</JOINT2>
        <JOINT3>65536</JOINT3>
    </m_posResolution>
    <m_velResolution>
        <JOINT1>256</JOINT1>
        <JOINT2>256</JOINT2>
        <JOINT3>256</JOINT3>
    </m_velResolution>
    <m_torResolution>
        <JOINT1>1000</JOINT1>
        <JOINT2>1000</JOINT2>
        <JOINT3>1000</JOINT3>
    </m_torResolution>
    <m_reduceRatio>
        <JOINT1>50</JOINT1>
        <JOINT2>-50</JOINT2>
        <JOINT3>50</JOINT3>
    </m_reduceRatio>
    <m_pitch>
        <JOINT1>75.36</JOINT1>
        <JOINT2>0</JOINT2>
        <JOINT3>0</JOINT3>
    </m_pitch>
    <m_couplingRatio>
        <JOINT1>0</JOINT1>
        <JOINT2>0</JOINT2>
        <JOINT3>0</JOINT3>
    </m_couplingRatio>
    <m_jointRangeMinus>
        <JOINT1>-150</JOINT1>
        <JOINT2>-90</JOINT2>
        <JOINT3>-90</JOINT3>
    </m_jointRangeMinus>
    <m_jointRangePlus>
        <JOINT1>150</JOINT1>
        <JOINT2>90</JOINT2>
        <JOINT3>90</JOINT3>
    </m_jointRangePlus>
    <m_jointMaxVel>
        <JOINT1>75.36</JOINT1>
        <JOINT2>360</JOINT2>
        <JOINT3>360</JOINT3>
    </m_jointMaxVel>
    <m_jointMaxAcc>
        <JOINT1>753.6</JOINT1>
        <JOINT2>3600</JOINT2>
        <JOINT3>3600</JOINT3>
    </m_jointMaxAcc>
    <m_jointMaxJerk>
        <JOINT1>7536</JOINT1>
        <JOINT2>36000</JOINT2>
        <JOINT3>36000</JOINT3>
    </m_jointMaxJerk>
    <m_jointMaxVelRatio>0.9</m_jointMaxVelRatio>
    <m_jointMaxAccRatio>0.9</m_jointMaxAccRatio>
    <m_jointMaxJerkRatio>0.9</m_jointMaxJerkRatio>
    <m_terminalRangeMinus>
        <TERMINALX>-1000</TERMINALX>
        <TERMINALY>-1000</TERMINALY>
        <TERMINALZ>-1000</TERMINALZ>
        <TERMINALA>-180</TERMINALA>
        <TERMINALB>-90</TERMINALB>
        <TERMINALC>-180</TERMINALC>
    </m_terminalRangeMinus>
    <m_terminalRangePlus>
        <TERMINALX>1000</TERMINALX>
        <TERMINALY>1000</TERMINALY>
        <TERMINALZ>1000</TERMINALZ>
        <TERMINALA>180</TERMINALA>
        <TERMINALB>90</TERMINALB>
        <TERMINALC>180</TERMINALC>
    </m_terminalRangePlus>
    <m_terminalMaxVel>
        <TERMINALX>300</TERMINALX>
        <TERMINALY>300</TERMINALY>
        <TERMINALZ>300</TERMINALZ>
        <TERMINALA>100</TERMINALA>
        <TERMINALB>100</TERMINALB>
        <TERMINALC>100</TERMINALC>
    </m_terminalMaxVel>
    <m_terminalMaxAcc>
        <TERMINALX>3000</TERMINALX>
        <TERMINALY>3000</TERMINALY>
        <TERMINALZ>3000</TERMINALZ>
        <TERMINALA>1000</TERMINALA>
        <TERMINALB>1000</TERMINALB>
        <TERMINALC>1000</TERMINALC>
    </m_terminalMaxAcc>
    <m_terminalMaxJerk>
        <TERMINALX>30000</TERMINALX>
        <TERMINALY>30000</TERMINALY>
        <TERMINALZ>30000</TERMINALZ>
        <TERMINALA>10000</TERMINALA>
        <TERMINALB>10000</TERMINALB>
        <TERMINALC>10000</TERMINALC>
    </m_terminalMaxJerk>
    <m_terminalMaxVelRatio>0.7</m_terminalMaxVelRatio>
    <m_terminalMaxAccRatio>0.2</m_terminalMaxAccRatio>
    <m_terminalMaxJerkRatio>0.2</m_terminalMaxJerkRatio>
    <m_modelZeroOffset>
        <JOINT1>0</JOINT1>
        <JOINT2>0</JOINT2>
        <JOINT3>0</JOINT3>
    </m_modelZeroOffset>
    <m_DHParameterAlpha>
        <JOINT1>0</JOINT1>
        <JOINT2>0</JOINT2>
        <JOINT3>-90</JOINT3>
    </m_DHParameterAlpha>
    <m_DHParameterA>
        <JOINT1>0</JOINT1>
        <JOINT2>0</JOINT2>
        <JOINT3>57</JOINT3>
    </m_DHParameterA>
    <m_DHParameterD>
        <JOINT1>405</JOINT1>
        <JOINT2>479.5</JOINT2>
        <JOINT3>67.5</JOINT3>
    </m_DHParameterD>
    <m_DHParameterTheta>
        <JOINT1>0</JOINT1>
        <JOINT8>0</JOINT8>
        <JOINT3>0</JOINT3>
    </m_DHParameterTheta>
    <m_baseFrame>
        <TERMINALX>0</TERMINALX>
        <TERMINALY>0</TERMINALY>
        <TERMINALZ>0</TERMINALZ>
        <TERMINALA>0</TERMINALA>
        <TERMINALB>0</TERMINALB>
        <TERMINALC>0</TERMINALC>
    </m_baseFrame>
    <m_endFrame>
        <TERMINALX>0</TERMINALX>
        <TERMINALY>0</TERMINALY>
        <TERMINALZ>0</TERMINALZ>
        <TERMINALA>0</TERMINALA>
        <TERMINALB>0</TERMINALB>
        <TERMINALC>0</TERMINALC>
    </m_endFrame>
    <m_links>
        <LINK1>
            <m_quality>0</m_quality>
            <m_centroid>
                <POINTX>0</POINTX>
                <POINTY>0</POINTY>
                <POINTZ>1</POINTZ>
            </m_centroid>
            <m_inertialTensor>
                <mat_1-1>1</mat_1-1>
                <mat_1-2>0</mat_1-2>
                <mat_1-3>0</mat_1-3>
                <mat_2-1>0</mat_2-1>
                <mat_2-2>1</mat_2-2>
                <mat_2-3>0</mat_2-3>
                <mat_3-1>0</mat_3-1>
                <mat_3-2>0</mat_3-2>
                <mat_3-3>1</mat_3-3>
            </m_inertialTensor>
        </LINK1>
        <LINK2>
            <m_quality>0</m_quality>
            <m_centroid>
                <POINTX>0</POINTX>
                <POINTY>0</POINTY>
                <POINTZ>1</POINTZ>
            </m_centroid>
            <m_inertialTensor>
                <mat_1-1>1</mat_1-1>
                <mat_1-2>0</mat_1-2>
                <mat_1-3>0</mat_1-3>
                <mat_2-1>0</mat_2-1>
                <mat_2-2>1</mat_2-2>
                <mat_2-3>0</mat_2-3>
                <mat_3-1>0</mat_3-1>
                <mat_3-2>0</mat_3-2>
                <mat_3-3>1</mat_3-3>
            </m_inertialTensor>
        </LINK2>
        <LINK3>
            <m_quality>0</m_quality>
            <m_centroid>
                <POINTX>0</POINTX>
                <POINTY>0</POINTY>
                <POINTZ>1</POINTZ>
            </m_centroid>
            <m_inertialTensor>
                <mat_1-1>1</mat_1-1>
                <mat_1-2>0</mat_1-2>
                <mat_1-3>0</mat_1-3>
                <mat_2-1>0</mat_2-1>
                <mat_2-2>1</mat_2-2>
                <mat_2-3>0</mat_2-3>
                <mat_3-1>0</mat_3-1>
                <mat_3-2>0</mat_3-2>
                <mat_3-3>1</mat_3-3>
            </m_inertialTensor>
        </LINK3>
    </m_links>
    <m_slope>
        <JOINT1>0</JOINT1>
        <JOINT2>0</JOINT2>
        <JOINT3>0</JOINT3>
    </m_slope>
    <m_intercept>
        <JOINT1>0</JOINT1>
        <JOINT2>0</JOINT2>
        <JOINT3>0</JOINT3>
    </m_intercept>
    <m_maxFrictionTorque>
        <JOINT1>0</JOINT1>
        <JOINT2>0</JOINT2>
        <JOINT3>0</JOINT3>
    </m_maxFrictionTorque>
    <m_torqueCompensationRatio>
        <JOINT1>0</JOINT1>
        <JOINT2>0</JOINT2>
        <JOINT3>0</JOINT3>
    </m_torqueCompensationRatio>
</robot>
