<?xml version="1.0" ?>
<robot_frame>
    <m_currentTool>Default</m_currentTool>
    <m_currentWorkFrame>Default</m_currentWorkFrame>
    <m_toolList>
        <Default>
            <m_frame>
                <TERMINALX>0</TERMINALX>
                <TERMINALY>0</TERMINALY>
                <TERMINALZ>0</TERMINALZ>
                <TERMINALA>0</TERMINALA>
                <TERMINALB>0</TERMINALB>
                <TERMINALC>0</TERMINALC>
            </m_frame>
            <m_quality>0</m_quality>
            <m_centroid>
                <POINTX>0</POINTX>
                <POINTY>0</POINTY>
                <POINTZ>1</POINTZ>
            </m_centroid>
            <m_inertialTensor>
                <mat_1-1>1</mat_1-1>
                <mat_1-2>0</mat_1-2>
                <mat_1-3>0</mat_1-3>
                <mat_2-1>0</mat_2-1>
                <mat_2-2>1</mat_2-2>
                <mat_2-3>0</mat_2-3>
                <mat_3-1>0</mat_3-1>
                <mat_3-2>0</mat_3-2>
                <mat_3-3>1</mat_3-3>
            </m_inertialTensor>
        </Default>
        <Temp>
            <m_frame>
                <TERMINALX>0</TERMINALX>
                <TERMINALY>0</TERMINALY>
                <TERMINALZ>0</TERMINALZ>
                <TERMINALA>0</TERMINALA>
                <TERMINALB>0</TERMINALB>
                <TERMINALC>0</TERMINALC>
            </m_frame>
            <m_quality>0</m_quality>
            <m_centroid>
                <POINTX>0</POINTX>
                <POINTY>0</POINTY>
                <POINTZ>1</POINTZ>
            </m_centroid>
            <m_inertialTensor>
                <mat_1-1>1</mat_1-1>
                <mat_1-2>0</mat_1-2>
                <mat_1-3>0</mat_1-3>
                <mat_2-1>0</mat_2-1>
                <mat_2-2>1</mat_2-2>
                <mat_2-3>0</mat_2-3>
                <mat_3-1>0</mat_3-1>
                <mat_3-2>0</mat_3-2>
                <mat_3-3>1</mat_3-3>
            </m_inertialTensor>
        </Temp>
    </m_toolList>
    <m_workFrameList>
        <Default>
            <TERMINALX>0</TERMINALX>
            <TERMINALY>0</TERMINALY>
            <TERMINALZ>0</TERMINALZ>
            <TERMINALA>0</TERMINALA>
            <TERMINALB>0</TERMINALB>
            <TERMINALC>0</TERMINALC>
        </Default>
        <Temp>
            <TERMINALX>0</TERMINALX>
            <TERMINALY>0</TERMINALY>
            <TERMINALZ>0</TERMINALZ>
            <TERMINALA>0</TERMINALA>
            <TERMINALB>0</TERMINALB>
            <TERMINALC>0</TERMINALC>
        </Temp>
    </m_workFrameList>
</robot_frame>
